,index,text,tweet_id
0,0,ACT,848220164940222464
1,1,skillitforward,848191227656900608
2,2,skillitforward,848188722810060801
3,3,lifelonglearning,848120257445343297
4,4,skillitforward,848026641280499712
5,5,skillitforward,848012297872265217
6,6,OC,847978198629470208
7,7,Coding,847978198629470208
8,8,facebookadvertising,847978198629470208
9,9,HTML,847978198629470208
10,10,CSS,847978198629470208
11,11,AnacondaProject,847970121050206208
12,12,DataScience,847970121050206208
13,13,skillitforward,847969525576458241
14,14,skillitforward,847958947411750912
15,15,skillitforward,847938333925888000
16,16,AngularJS,847931912350052352
17,17,WDI9,847931912350052352
18,18,atlantastartupbattle,847931872982310912
19,19,ENILive,847931785610764288
20,20,skillitforward,847928745260396545
21,21,skillitforward,847917432551374850
22,22,skillitforward,847914152689643521
23,23,skillitforward,847904591454883841
24,24,Data,847898795971010560
25,25,Denver,847898795971010560
26,26,TalkDatatoMe,847879381502615558
27,27,BostonTech,847865891861692416
28,28,prodmgmt,847857126865330176
29,29,CTPLTsfd17,847857110369132548
30,30,Denver,847857027158347776
31,31,TalkDatatoMe,847857027158347776
32,32,skillitforward,847856806655397888
33,33,skillitforward,847837400638337029
34,34,skillitforward,847828876059447296
35,35,UXdesigner,847828862499266560
36,36,UXdesigner,847826370289967104
37,37,skillitforward,847807458273787904
38,38,skillitforward,847733712267616256
39,39,skillitforward,847702260041654275
40,40,UXdesigner,847664250965315584
41,41,UXdesigner,847649958085799939
42,42,UXdesigner,847607123655630848
43,43,NeverSplitTheDifference,847600777845657602
44,44,UXdesigner,847596554777231361
45,45,Drones,847592208588980224
46,46,OCtech,847592208588980224
47,47,UXdesigner,847575916574154752
48,48,UXdesigner,847566369843539970
49,49,UX,847560324966494208
50,50,startup,847557803703234560
51,51,UXdesigner,847555085475364866
52,52,UXdesigner,847551759778185220
53,53,UXdesigner,847542236946599937
54,54,EngageDSC,847527813628514306
55,55,StartupWeekend,847516276205338624
56,56,WebDev,847505776524410880
57,57,UX,847505709298323456
58,58,Design,847505709298323456
59,59,UXdesigner,847494456655790081
60,60,UXdesigner,847475001104236544
61,61,UX,847470457724977154
62,62,UXdesigner,847466472032960512
63,63,UXdesigner,847445061067558912
64,64,UXdesigner,847371334736683010
65,65,UXdesigner,847339864731172866
66,66,Melbourne,847333657744359425
67,67,hackathons,847333657744359425
68,68,MKW17,847333657744359425
69,69,failure,847330047555915777
70,70,wisdom,847330047555915777
71,71,resilience,847330047555915777
72,72,tech,847277126302613507
73,73,data,847277126302613507
74,74,Boston,847277126302613507
75,75,YoungVisionaries,847252033933516800
76,76,UXDI,847247769815273473
77,77,tech,847243071108423685
78,78,womenintech,847242680635604994
79,79,candyfordays,847242680635604994
80,80,Machinelearning,847241033825910788
81,81,data,847200946702622721
82,82,CloudComputing,847194076847890432
83,83,Marketing,847178551875026945
84,84,mdwisdom,847178551875026945
85,85,scrum,847175162072121348
86,86,agile,847175162072121348
87,87,ux,847175162072121348
88,88,TypeThursdayLA,847171051905667072
89,89,LevoLA,847171016942010368
90,90,laedtech,847170998877093888
91,91,Machinelearning,847169742091751426
92,92,Machinelearning,847168028068495360
93,93,Machinelearning,847167978084978688
94,94,Machinelearning,847163280795848706
95,0,tech,848905436078063616
96,1,socialgood,848905436078063616
97,2,WCIAwards,848717065011683328
98,0,Ask4More,849233007059881984
99,1,EqualPayDay,849233007059881984
100,2,success,849232900759457792
101,3,career,849232900759457792
102,4,psychology,849134941795303425
103,5,design,849134941795303425
104,6,YoungVisionaries,849114033789599744
105,7,TheFutureIsFemale,849089731489128448
106,8,EqualPayDay,849089731489128448
107,9,RM72,849089731489128448
108,10,failure,849080330774380544
109,11,wisdom,849080330774380544
110,12,resilience,849080330774380544
111,13,OCtech,849041087935070210
112,14,BigData,849041087935070210
113,15,Denver,849038236664172544
114,16,LifeatGA,849029881635549184
115,17,bossladiesworksesh,849029881635549184
116,18,FirstFridaysatGA,849026089951391746
117,19,happyhour,849026089951391746
118,20,FREE,849025455038398464
119,21,CTPLTsfd17,848994517189513217
120,22,business,848990240564015104
121,23,iterate,848987615634354177
122,24,whiteboard,848987615634354177
123,25,Data,848940662321840128
124,26,femaleentrepreneurs,848935633250856960
125,27,48in48BOS,848929694984658944
126,28,nonprofits,848929694984658944
127,0,youthintech,849549039712563200
128,1,youthintech,849547865974345731
129,2,youthintech,849547245217296385
130,3,skillitforward,849545651838910464
131,4,youthintech,849545646264786945
132,5,uxdesign,849543092604739585
133,6,live,849543092604739585
134,7,lifeatga,849543092604739585
135,8,youthintech,849542799011794945
136,9,youthintech,849542437462847488
137,10,youthintech,849541290534555648
138,11,youthintech,849541103154081794
139,12,youthintech,849540315006500868
140,13,startup,849520731717115904
141,14,skillitforward,849516232164466688
142,15,skillitforward,849514195297153024
143,16,skillitforward,849460363301187584
144,17,entrepreneurs,849418811824644098
145,18,womenrock,849408931856306176
146,19,EqualPayDay,849408931856306176
147,20,jessicazweig,849408891209359362
148,21,femaleentrepreneurs,849408891209359362
149,22,generalassembly,849408891209359362
150,23,UX,849408839124496384
151,24,equalpayday,849400384896593924
152,25,Workshop,849388619890601986
153,26,happy,849350364210110465
154,27,TechNightOut,849349499944407041
155,28,TechNightOut,849349006266425348
156,29,TechNightOut,849348570620755971
157,30,TechNightOut,849348235692998656
158,31,seattle,849347187964354565
159,32,talent,849347187964354565
160,33,DTLA,849341435941965824
161,34,LittleTokyo,849341435941965824
162,35,Revolar,849336299089690627
163,36,indiegogo,849336299089690627
164,37,TalkDataToMe,849332079561252867
165,38,EqualPayDay,849314405569490945
166,39,skillitforward,849310612593278977
167,40,openhouse,849300028581527552
168,41,GALDN,849300028581527552
169,42,meettheinstructor,849300028581527552
170,43,bestfornyc,849286771594731521
171,44,Tech,849286082533498880
172,0,bestfornyc,849977318412095488
173,1,skillitforward,849931193290285056
174,2,Annual2017,849907112172023808
175,3,talkdatatome,849904381918978048
176,4,lifeatga,849904317431599105
177,5,talkdatatome,849904317431599105
178,6,data,849902946816933888
179,7,datascience,849902946816933888
180,8,Brilliant,849880604338397184
181,9,Designers,849880604338397184
182,10,openhouse,849856699443826688
183,11,GALDN,849856699443826688
184,12,meettheinstructor,849856699443826688
185,13,skillitforward,849838584714719232
186,14,ux,849788752272732160
187,15,ProductManagement,849754399412977664
188,16,hh,849731271437594625
189,17,ACTWBay,849713377647763456
190,18,WIT,849713377647763456
191,19,prodmgmt,849708473776570368
192,20,skillitforward,849706483675783169
193,21,skillitforward,849704727650676737
194,22,skillitforward,849704698177359872
195,23,skillitforward,849699943791161344
196,24,skillitforward,849688120761225220
197,25,skillitforward,849685073418956801
198,26,GALDN,849683840817934358
199,27,talkdata,849683840817934358
200,28,wednesdaywisdom,849672998030278656
201,29,dctech,849672998030278656
202,30,cookies,849672998030278656
203,31,skillitforward,849668744112721921
204,32,skillitforward,849666959994126336
205,33,TechForGood,849660411267895297
206,34,skillitforward,849649336539545606
207,35,Annual2017,849618148785631232
208,0,UX,850293584402280448
209,1,creative,850253099276967936
210,2,design,850252968658063362
211,3,creativity,850252968658063362
212,4,tech,850219084008509440
213,5,socialgood,850219084008509440
214,6,UX,850200975566557184
215,7,UX,850187388945133568
216,8,UX,850171780966887425
217,9,MKW17,850165480975421441
218,10,UX,850158946350444545
219,11,bigdata,850150883367165953
220,12,UX,850127741773127681
221,13,failure,850109366015414273
222,14,Entrepreneurs,850105172764368899
223,15,Smallbusiness,850105172764368899
224,16,scaling,850105172764368899
225,17,UX,850103083220828161
226,18,UX,850088481535774720
227,19,ChicagoStartups,850081931345616897
228,20,CTPLTsfd17,850081931345616897
229,21,UX,850068851215794178
230,22,UX,850067093815001090
231,23,UX,850062358244450304
232,24,UX,850050509331468290
233,25,UX,850047509061922817
234,26,Canada150,850039171574104064
235,27,CLC150,850039171574104064
236,28,UX,850031134268420096
237,29,Denver,850017326221209601
238,30,EurekaFest,850013002858352640
239,31,UX,850011727689330688
240,32,skillitforward,850003222722904064
241,33,UX,850003171359502336
242,34,ACTWBay,850000398274396160
243,0,TechHire,850397802916192257
244,1,TechHire,850393490739650561
245,2,culturaldiversity,850386688962568192
246,3,TechHire,850374107577319424
247,4,UX,850365569798897665
248,5,womenintech,850344243566653440
249,6,lifeatGA,850344243566653440
250,0,TechHire,850655961291292673
251,1,TechHire,850563359724511232
252,2,TechHire,850549777465053185
253,3,TechHire,850549008347082754
254,4,TechHire,850534168400363520
255,5,TechHire,850521350343196672
256,6,TechHire,850490123850584064
257,7,Hack4Democracy,850471172940713984
258,8,TechHire,850465469089894402
259,9,TechHire,850450862011027456
260,10,womenintech,850446431748075521
261,11,Creativity,850436768797249537
262,12,TechHire,850429471001907200
263,13,hackathon,850427148628144128
264,14,TechHire,850424702334119937
265,15,ACT,850423683667591169
266,16,TechHire,850412874111606784
267,17,Diversity,850410558847414273
268,18,Inclusion,850410558847414273
269,19,Design,850410558847414273
270,20,TechHire,850409844439998464
271,0,TechHire,850727963696013312
272,1,GALDN,850727185145114625
273,2,CSS,850721540706619393
274,3,Mozilla,850721540706619393
275,4,FireFox,850721540706619393
276,5,TechAndCulture,850721417276653568
277,6,design,850721299894861824
278,7,uxdesign,850721299894861824
279,8,yas,850721299894861824
280,9,lifeatga,850721299894861824
281,10,uxdesigner,850721299894861824
282,11,ux,850721299894861824
283,12,presentation,850721299894861824
284,13,work,850721299894861824
285,14,digitalmarketing,850721222614810624
286,15,ATLthinks,850721048240762881
287,0,fuckupnights,850939731802075136
288,0,webdevelopment,851344000980312064
289,1,javascript,851344000980312064
290,2,failure,851337543161331712
291,3,designdisruptors,851306248746225664
292,4,atlantastartupbattle,851105002282156032
293,0,startup,851739603488854017
294,1,prodmgmt,851549879545585664
295,2,Diversity,851549862806114304
296,3,Inclusion,851549862806114304
297,4,Design,851549862806114304
298,5,Diversity,851549846968434692
299,6,Inclusion,851549846968434692
300,7,Design,851549846968434692
301,8,Creativity,851540039083454464
302,9,NationalLibraryWeek,851530849594093570
303,10,Creativity,851474104884408320
304,11,productmanagement,851467561317179393
305,12,GALDN,851467561317179393
306,13,bestfornyc,851449065711824897
307,0,TaptheFuture,852138234238914560
308,1,lifeatGA,852088028235300864
309,2,design,852085800518860804
310,3,lifeatGA,852085151626547200
311,4,lifeatGA,852084256805224448
312,5,lifeatGA,852083980601929728
313,6,design,852082718976245760
314,7,lifeatGA,852079255445831680
315,8,lifeatGA,852078631044038656
316,9,design,852078574739664898
317,10,lifeatGA,852077637086306304
318,11,lifeatGA,852077084482584577
319,12,design,852076272775647232
320,13,lifeatga,852076272775647232
321,14,lifeatGA,852075836467322880
322,15,femaleentrepreneurs,852026997609963520
323,16,IWD,852026997609963520
324,17,UX,851988242647928832
325,18,CX,851988242647928832
326,19,servicedesign,851988242647928832
327,20,diversity,851958777549119489
328,21,hiring,851918516446011393
329,22,webdev,851918516446011393
330,23,ux,851918516446011393
331,24,datascience,851918516446011393
332,25,dctech,851918516446011393
333,26,Hackathon,851894627120500736
334,27,Coding,851894627120500736
335,28,entrepreneurs,851889848730431488
336,29,TaptheFuture,851889848730431488
337,30,inspired,851889185380155392
338,31,maths,851889185380155392
339,32,DiversityandInclusion,851861486574206978
340,33,OCtech,851856828858224640
341,34,psychdesign,851856524758700034
342,35,Diversity,851844797685878785
343,36,Design,851844797685878785
344,0,designdisruptors,852402222981926912
345,1,lifeatga,852336439169646593
346,2,techforgood,852336439169646593
347,3,InnoApproved,852288116736094210
348,4,WomeninTech,852288116736094210
349,5,JobHunting,852285702012153856
350,6,StartupTechExpoDC,852249649071181825
351,7,staycation,852243271556509696
352,8,ux,852213444946280448
353,9,ruby,852194450881302529
354,10,rubyonrails4,852194450881302529
355,0,UXdesign,852860488115474436
356,1,UXdesign,852830292947607552
357,2,startup,852782477672407040
358,3,UXdesign,852737682916560896
359,4,AR,852729854050971648
360,5,VR,852729854050971648
361,6,UXdesign,852724094823002112
362,7,UXdesign,852708486937030656
363,8,UXdesign,852695655353110528
364,9,UXdesign,852664448611483653
365,10,Tech,852655639121674241
366,11,Sport,852655639121674241
367,12,TECH,852646630734020608
368,13,SPORT,852646630734020608
369,14,FreeEvent,852646630734020608
370,15,TECH,852646606079799296
371,16,SPORT,852646606079799296
372,17,FreeEvent,852646606079799296
373,18,Startup,852602288136900609
374,19,techforgood,852563032811163648
375,0,GALDN,853843219347582976
376,1,Code,853079935702913024
377,2,Bootcamp,853079935702913024
378,3,brand,852997576341110784
379,4,UXdesign,852990864720842754
380,5,Product,852978771951071233
381,6,UXdesign,852967958410383363
382,7,UXdesign,852966191371091970
383,8,UXdesign,852966185780076545
384,9,Seattle,852956869010128896
385,10,product,852950838762983424
386,11,redesigns,852950838762983424
387,12,UXdesign,852946569540317184
388,13,DCtech,852929470650568705
389,14,webdev,852929470650568705
390,15,UXdesign,852928461610123265
391,16,Seattle,852914468820467712
392,17,startup,852914468820467712
393,18,UXdesign,852902534717067264
394,19,UXdesign,852902390101626881
395,20,UXdesign,852902270694027265
396,21,UXdesign,852899746482196481
397,0,sport,854298063703113728
398,1,tech,854298063703113728
399,2,DataScience,854256688257523712
400,3,GAxAFTRS,854256203085500416
401,4,GAxAFTRS,854250418926370820
402,5,GAxAFTRS,854249530602041345
403,6,DataScience,854237337257218048
404,7,DataScience,854227246093094912
405,8,DataScience,854225377732030468
406,9,tech,854212906430476290
407,10,socialgood,854212906430476290
408,11,tech,854178620754886657
409,12,sport,854178620754886657
410,13,DataScience,854171403700109312
411,14,opendata,854131031590481920
412,15,NationalHaikuPoetryDay,854129901577830408
413,16,BigData,854129529866133504
414,17,SupplyChain,854129529866133504
415,18,Management,854129529866133504
416,19,Analytics,854129529866133504
417,20,DataScience,854129529866133504
418,21,Innovation,854129501768486912
419,22,Chicago,854129501768486912
420,23,smcchi,854129224516501506
421,24,product,854128993649524737
422,25,tech,854128993649524737
423,26,EarthDay,854114379389952000
424,27,ethics,854114379389952000
425,28,Sustainability,854114379389952000
426,29,Entrepreneurship,854114379389952000
427,30,Design,854081792051171329
428,31,Consistency,854081792051171329
429,32,Designing,854027932863348736
430,33,Product,854027932863348736
431,34,UX,854014948640509953
432,35,tech,854014948640509953
433,36,design,854014948640509953
434,37,Seattle,854006167734935552
435,38,networking,853987419292434433
436,0,EarthDay,854642723273416705
437,1,Netflix,854619156616015872
438,2,Netflix,854599761416134656
439,3,Netflix,854589641135206401
440,4,Netflix,854587660618403840
441,5,DataScience,854535273715257348
442,6,Netflix,854533803469139968
443,7,DataScience,854488717419057153
444,8,DataScience,854481921514115072
445,9,Sustainability,854480022207426560
446,10,EarthDay,854480022207426560
447,11,ux,854469513160663040
448,12,portfolio,854469513160663040
449,13,DataScience,854451722592366592
450,14,DataScience,854437128750723072
451,15,Startups,854436127218044929
452,16,Tech,854436127218044929
453,17,Denver,854436127218044929
454,18,Boulder,854436127218044929
455,19,DataScience,854427573987815426
456,20,Hire,854422385226907654
457,21,Webdevelopment,854422385226907654
458,22,DataAnalytics,854394100203835397
459,23,Recommit2Kids,854394100203835397
460,24,smartcity,854394024236638210
461,25,Tech,854393088348798976
462,26,Cannabis,854393088348798976
463,27,DataScience,854384027045965825
464,28,DataScience,854379769147871233
465,29,Sustainability,854365892414771202
466,30,EarthDay,854365892414771202
467,31,DataScience,854360411919052805
468,32,DataScience,854349317968211968
469,33,DIV2017,854330702476845056
470,34,DataScience,854330492824498178
471,0,lifeatGA,854995067886379009
472,1,lifeatGA,854992293954072577
473,2,lifeatGA,854990187071275008
474,3,lifeatGA,854989446214672384
475,4,lifeatGA,854989276420874241
476,5,LifeatGA,854983698726375426
477,6,lifeatGA,854979657011154949
478,7,lifeatGA,854978364452388864
479,8,leadership,854956551165104128
480,9,designdisruptors,854939688867471360
481,10,MKW17,854931422468988928
482,11,Netflix,854897676990775296
483,12,techandfood,854855792138309632
484,13,WebDev,854855216692428800
485,14,foodwaste,854853147625500674
486,15,techandfood,854853147625500674
487,16,Netflix,854851124687507457
488,17,Netflix,854844331118796800
489,18,dctech,854834557782286341
490,19,InnoApproved,854834290143752192
491,20,improv,854834290143752192
492,21,machinelearning,854834290143752192
493,22,VC,854834290143752192
494,23,EarthDay2017,854831987789639680
495,24,Webby,854821333380747264
496,25,Ballet,854821333380747264
497,26,EarthDay,854816377097469953
498,27,Netflix,854814130284281856
499,28,Netflix,854802866808160257
500,29,Netflix,854799555837251586
501,30,Netflix,854790007567118338
502,31,TechLA,854757244667174913
503,32,Netflix,854746434909995008
504,33,Netflix,854742177540452352
505,34,politics,854732659121115137
506,35,entrepreneurs,854732659121115137
507,36,startup,854732659121115137
508,37,chooseATL,854726445075226626
509,38,Netflix,854722795699306496
510,39,Netflix,854711740239622144
511,40,Netflix,854692826566840321
512,41,techforgood,854686195699286016
513,0,insights,855239917542137858
514,1,Lean,855239917542137858
515,2,Usability,855239917542137858
516,3,digitalhealth,855212608567357441
517,4,innovation,855212608567357441
518,5,StartupAdvice,855212586861834243
519,6,women,855167452107350016
520,7,thisisourconference,855167452107350016
521,8,UX,855149077268267008
522,9,dcft17,855136375246643201
523,10,technology,855060988990595072
524,0,DigitalMarketing,855716108330049536
525,1,EarthDay17,855591989756088320
526,2,Sofarsounds,855584669135507456
527,3,Sleep,855525804620619777
528,4,UX,855496711384571908
529,5,uxdi8,855440069188038656
530,6,techandculture,855439845640073217
531,7,visualization,855439704615002113
532,8,aneventaweek,855439704615002113
533,9,uxdesigner,855439640584736769
534,10,design,855439640584736769
535,11,lifeatga,855439640584736769
536,12,ux,855439640584736769
537,13,uxdesign,855439640584736769
538,14,atlanta,855439640584736769
539,15,TechAndCulture,855439394815311873
540,16,CollaborationIsKey,855439394815311873
541,17,WomenStartupChallenge,855423376633888769
542,18,founders,855423376633888769
543,19,investors,855423376633888769
544,20,techies,855423376633888769
545,0,culturaldiversity,856743325193220096
546,1,techLA,856701180390408192
547,2,techLA,856696891429470208
548,3,startup,856696891429470208
549,4,entrepreneurs,856696891429470208
550,5,HCD,856692991917907972
551,6,strategies,856637375820161024
552,7,brands,856637375820161024
553,8,DigitalMarketing,856637375820161024
554,9,uxdi8,856600389113831424
555,10,TechAndCulture,856600187434926080
556,11,MotivationMonday,856591837322240002
557,12,FindSpark,856591837322240002
558,13,QOTD,856591837322240002
559,14,Denver,856576008216080385
560,15,DesignDisruptors,856569269483687939
561,16,WomenStartupChallenge,856540742772285440
562,17,founders,856540742772285440
563,18,investors,856540742772285440
564,19,techies,856540742772285440
565,20,AI,856537439279738882
566,21,DataScience,856482860341100544
567,22,designdisruptors,856374644063952897
568,23,MKW17,856276245901828097
569,24,LadiesLounge,856243785235410945
570,25,HCD,856008231482789888
571,26,colourcommunity,855919648793088001
572,27,techforgood,855776956826042368
573,0,purpose,857518482988056576
574,1,passion,857518482988056576
575,2,mindfulness,857518482988056576
576,3,failure,857424553382785024
577,4,fuckup,857424553382785024
578,5,SoftwareDeveloper,857402707295993856
579,6,diversitycodes,857402707295993856
580,7,pavingtheway,857402707295993856
581,8,digitaldetox,857320050415378432
582,9,LadiesLounge,857300755585396736
583,10,mentalhealth,857100677822021632
584,11,MHAW2017,857100677822021632
585,12,OpenData,857016992041140224
586,13,DataScience,857016992041140224
587,14,TalkDatatoMe,856994282699411457
588,15,EarlyChildhood,856994282699411457
589,16,Education,856994282699411457
590,17,Denver,856994282699411457
591,18,live,856988398233538560
592,19,Facebook,856988398233538560
593,20,careerchangepsychology,856927401904934917
594,21,GALDN,856893817219305476
595,22,WomenInTech,856862068166860800
596,23,dctech,856862068166860800
597,0,HTML,857854650690744321
598,1,CSS,857854650690744321
599,2,web,857854650690744321
600,3,learn,857854650690744321
601,4,mentalhealth,857841310987845632
602,5,career,857756009280012288
603,6,brand,857756009280012288
604,7,live,857755817117974528
605,8,Careeradvice,857755791444643840
606,9,shesaysden,857755791444643840
607,10,BeckFeiner,857745307836137472
608,11,Google,857732090137239553
609,12,Analytics,857732090137239553
610,13,business,857732090137239553
611,14,webdevelopment,857731402607071233
612,15,cmbeyond,857725788505886720
613,16,fuckupnightsmelb,857723564031590400
614,17,mkw17,857723564031590400
615,18,TalkDatatoMe,857667417203511296
616,19,EarlyChildhood,857667417203511296
617,20,Education,857667417203511296
618,21,Denver,857667417203511296
619,22,creativity,857659148443426816
620,23,GATech,857657303650250753
621,24,DataScience,857645772791271426
622,25,womenintech,857630709485273089
623,26,Denver,857630709485273089
624,27,TalkDatatoMe,857630619039387648
625,28,ECE,857630619039387648
626,29,mentalhealth,857585015449890816
627,0,UX,858266108163481600
628,1,data,858242964442763264
629,2,teambuilding,858228046469500928
630,3,informationarchitecture,858228046469500928
631,4,UX,858223578193563649
632,5,UX,858213510425325569
633,6,change,858211504197435393
634,7,YSP2017,858211504197435393
635,8,data,858211498627354625
636,9,UX,858159908352667648
637,10,data,858157645668241408
638,11,UX,858144358436089857
639,12,UX,858100284140212224
640,13,shesaysden,858043615964254208
641,14,UX,858034850401583109
642,0,UX,859002326601744384
643,1,mkw17,858963285965537281
644,2,newyou,858916396578877442
645,3,careergoals,858916396578877442
646,4,mkw17,858870512654495744
647,5,data,858700472290394112
648,6,data,858658696905318400
649,7,data,858535887474479104
650,8,data,858521579755581441
651,9,data,858493860514848768
652,10,UX,858474985702260736
653,11,data,858468188425682944
654,12,data,858437990389080064
655,13,DTLA,858437777473458176
656,14,learnatGA,858437777473458176
657,15,GA_LA,858437777473458176
658,16,data,858426687121485825
659,17,data,858423396438355968
660,18,data,858413834100453378
661,19,UX,858403773114441729
662,20,UX,858402004057690113
663,21,UX,858402002245746689
664,22,UX,858385403954573312
665,23,UX,858382374303928320
666,24,data,858370296813899777
667,25,data,858366038047588353
668,26,UX,858364279304728577
669,27,MVP,858362631169523712
670,28,hackers,858362631169523712
671,29,UnitedWeHack,858362631169523712
672,30,UX,858346675747913728
673,31,UX,858338356593295360
674,32,UX,858338086618615814
675,33,data,858335564315197440
676,34,data,858316710268547073
677,0,fuckupnightsmelb,859339698753331200
678,1,mkw17,859339698753331200
679,2,fuckupnightsmelb,859236400465534981
680,3,UX,859191183054168065
681,4,dctech,859191183054168065
682,5,Uxdesign,859191183054168065
683,6,TalkDatatoMe,859147164416524288
684,7,data,859147164416524288
685,8,education,859147164416524288
686,9,Denver,859147164416524288
687,10,Denver,859132827526451203
688,11,careeradvice,859112958323982337
689,12,techLA,859109309665488896
690,13,ATL,859071129859870720
691,14,techblogs,859070857888628736
692,15,community,859070857888628736
693,0,digidebates,859680250891952129
694,1,Gaming,859680195330007040
695,2,UrbanPlanning,859680195330007040
696,3,videogames,859680195330007040
697,4,MKW17,859680195330007040
698,5,dataviz,859630984941142018
699,6,LifeAtGA,859630984941142018
700,7,OC,859630762957656070
701,8,Irvine,859630762957656070
702,9,mkw17,859534230400913408
703,10,android,859493444963545088
704,11,GAInstructor,859489074024984576
705,12,Blogging,859455953447657475
706,13,Designers,859455953447657475
707,14,data,859433711984459776
708,15,lifeatga,859433711984459776
709,16,mentalhealth,859429781208576001
710,17,UX,859426319096045568
711,0,hiring,860115318731141120
712,1,tech,860115318731141120
713,2,GAMelb,860078047998861312
714,3,MKW17,860078047998861312
715,4,MKW17,860076309950545920
716,5,VR,860068885181063168
717,6,mkw17,860068885181063168
718,7,MKW17,860067665909432320
719,8,careerswithmath,860060743726645248
720,9,LifeAtGA,860060743726645248
721,10,careerswithmath,860058223805472769
722,11,LifeAtGa,860058223805472769
723,12,lifeatGA,860057757961015299
724,13,careerswithmath,860057142618759169
725,14,LifeAtGA,860057142618759169
726,15,tech,860051240591347712
727,16,games,860051240591347712
728,17,MelbGA,860051240591347712
729,18,MKW17,860051240591347712
730,19,lifeatGA,860048941672349700
731,20,MKW17,860047425280516096
732,21,MKW17,859954483765403649
733,22,MKW17,859894089831133184
734,23,Workday,859865648104521728
735,24,education,859830204872749056
736,25,UserExperience,859830204872749056
737,26,Designers,859830204872749056
738,27,prodmgmt,859828954299084800
739,28,GALDN,859826218753040386
740,29,TalkDatatoMe,859811797355958276
741,30,EarlyChildhood,859811797355958276
742,31,Education,859811797355958276
743,32,Denver,859811797355958276
744,33,MachineIntelligence,859802835143229440
745,34,NewCoLDN,859767556114173952
746,0,demandgeneration,860471390482292737
747,1,mentalhealth,860438925218910209
748,2,MHAW2017,860438925218910209
749,3,Young,860377269663145984
750,4,Social,860377269663145984
751,5,Pioneers,860377269663145984
752,6,happyhour,860243316432150530
753,7,CincodeMayo,860243316432150530
754,8,design,860222754553036803
755,9,Salary,860180220828975104
756,10,MayThe4thBeWithYou,860128766676406273
757,11,HR,860116041493557248
758,12,gaming,860115819417575426
759,13,MKW17,860115819417575426
760,14,urbanplanning,860115819417575426
761,0,hackathonqueen,860803164747948032
762,1,hackathon,860803164747948032
763,2,hackathonmelbourne,860803164747948032
764,3,OpenInnovation,860774820929089536
765,4,MkW17,860774784635871232
766,5,hack,860774784635871232
767,6,change,860774784635871232
768,7,hackathon,860774784635871232
769,8,ResilientCities,860774784635871232
770,9,transport,860774784635871232
771,10,Live,860749745567838209
772,11,MelbourneKnowledgeWeek,860746788105469952
773,12,Live,860746753800159232
774,13,mixed,860746753800159232
775,14,reality,860746753800159232
776,15,mkw17,860746753800159232
777,16,Live,860744859551883266
778,17,Live,860743442153984000
779,18,mkw17,860743442153984000
780,19,hackathon,860743442153984000
781,20,cityofmelbourne,860743442153984000
782,21,Live,860741225283899393
783,22,ptv,860741225283899393
784,23,Live,860739345250041856
785,24,Live,860737109396602881
786,25,Coworking,860737109396602881
787,26,mkw17,860737109396602881
788,27,ptv,860737109396602881
789,28,mkw17,860735939261349889
790,29,gahackathon,860735939261349889
791,30,transportsolutions,860735939261349889
792,31,Live,860733592460079104
793,32,travel,860733592460079104
794,33,social,860733592460079104
795,34,mkw2017,860733592460079104
796,35,mkw17,860732532366508032
797,36,Live,860732528398749696
798,37,mkw2017,860732528398749696
799,38,Live,860731775118475265
800,39,Facebook,860731101639307265
801,40,Live,860730875171962880
802,41,mkw17,860730875171962880
803,42,MKW17,860728462893617153
804,43,hack,860728462893617153
805,44,hackathon,860728462893617153
806,45,knowledgecity,860728462893617153
807,46,MKW17,860677757142839297
808,47,MKW17,860669612794433536
809,48,mkw17,860669548403408898
810,49,MKW17,860656816635559936
811,50,hackforchange,860656816635559936
812,51,mkw17,860643834702712832
813,52,mkw17,860642177109467136
814,53,mkw17,860639748871802880
815,54,MKW17,860638334133063680
816,55,MKW17,860637771320377344
817,56,mkw17,860637636737744896
818,57,CincodeMayo,860598027991609345
819,58,FirstFridays,860598027991609345
820,59,design,860558463809671168
821,60,meditation,860547141973925891
822,61,UXPA_ATL,860545262388948993
823,62,damntheman,860544754332950529
824,63,blaze,860544754332950529
825,64,Millennial,860503293679874048
826,65,Boston,860503293679874048
827,66,NewCoLDN,860495646658363392
828,0,Tech,860877177243533314
829,1,Diversity,860877177243533314
830,2,Google,860877177243533314
831,0,MHWeek17,861447822826065920
832,1,MKW17,861425645917577216
833,2,AH10,861425645917577216
834,3,UX,861411835261599745
835,4,userexperience,861411835261599745
836,5,design,861411835261599745
837,6,Tech,861357817566986240
838,7,Diversity,861357817566986240
839,8,dctech,861357817566986240
840,0,TeacherAppreciationDay,861890078456655875
841,1,TeacherAppreciationDay,861847565335240704
842,2,TeacherAppreciationDay,861837455984558081
843,3,TeacherAppreciationDay,861835445390499840
844,4,TeacherAppreciationDay,861783880248033280
845,5,TeacherAppreciationDay,861781609288273921
846,6,change,861770201200832513
847,7,YSP2017,861770201200832513
848,8,hiring,861679293168046084
849,9,UX,861675322097360896
850,10,Consultant,861675322097360896
851,11,protohackTO,861675200009654272
852,12,Google,861666329820057601
853,13,Tech,861666329820057601
854,14,Diversity,861666329820057601
855,15,LA,861646541429235712
856,16,design,861646422231228416
857,17,DTLA,861635285838200834
858,18,podcast,861622969709101056
859,19,Designers,861612412683923456
860,0,dctech,862077862370840576
861,1,lifeatga,862077862370840576
862,2,fakenews,862034909149503489
863,3,TeacherAppreciationDay,862027734272421891
864,4,TeacherAppreciationDay,862025974350831625
865,5,TeacherAppreciationDay,862025969347043328
866,6,MHAW17,862013117114576898
867,7,mhaw17,862012594206519298
868,8,MHAW17,862012002570522626
869,9,TeacherAppreciationDay,862009388688650240
870,10,Austin,862008539669299200
871,11,Designers,862008539669299200
872,12,UX,862008539669299200
873,13,TeacherAppreciationDay,862006349076594688
874,14,MHAW2017,862003532588822532
875,15,TeacherAppreciationDay,861995762514886656
876,16,TeacherAppreciationDay,861988229469409280
877,17,Tech,861982476054532097
878,18,Diversity,861982476054532097
879,19,dctech,861982476054532097
880,20,TeacherAppreciationDay,861962295223750656
881,21,TeacherAppreciationDay,861962116751863810
882,22,TeacherAppreciationDay,861962052490932224
883,23,TeacherAppreciationDay,861959556792037377
884,0,culturaldiversity,862544045943341057
885,1,Design,862462923180003328
886,2,Job,862435836922650624
887,3,Hiring,862435836922650624
888,4,dctech,862435836922650624
889,5,art,862429289802682368
890,6,science,862429289802682368
891,7,flow,862429289802682368
892,8,GADesign,862363504182996992
893,9,LongLA,862360059518435328
894,10,job,862344483379138560
895,11,startup,862344483379138560
896,12,Design,862338194293100545
897,13,HappyMothersDay,862332653235691520
898,14,newyou,862298681336254466
899,15,careergoals,862298681336254466
900,16,job,862297925694533632
901,17,startup,862297925694533632
902,18,dctech,862297925694533632
903,0,UXdesign,863659531393544193
904,1,UXdesign,863649402438770689
905,2,UXdesign,863647328091217920
906,3,Masterclass,863610322476650496
907,4,innovate,863610322476650496
908,5,leaders,863610322476650496
909,6,UXdesign,863593473647271937
910,7,UX,863338029729140736
911,8,DEVELOPERS,863338029729140736
912,9,writing,863305566688604162
913,10,javascript,863227303039578116
914,11,socialmedia,863136713777926144
915,12,pjaadathon,863094926971617280
916,13,learning,863094926971617280
917,14,advertising,863094926971617280
918,15,designingforgood,863094926971617280
919,16,Commute,863080585220239360
920,17,Bicycle,863080585220239360
921,18,DTLA,863075907044384772
922,19,uxdesign,863075881828270081
923,20,DTLA,863075030921433088
924,21,design,863066665189339138
925,22,denver,863066665189339138
926,23,jobs,863066665189339138
927,24,Denver,863066562596569090
928,25,community,863066562596569090
929,26,branding,863066562596569090
930,27,designforgood,863066562596569090
931,28,business,862927825120116737
932,29,opportunities,862927825120116737
933,30,Facebook,862927825120116737
934,31,advertising,862927825120116737
935,32,ux,862857262938718208
936,33,crowdfunding,862851069138747392
937,34,gachicago,862824783725162496
938,35,design,862821633085648897
939,36,GAChicago,862821633085648897
940,37,GAchicago,862817018273292288
941,38,startups,862815795239415808
942,39,socialjustice,862815795239415808
943,40,fastcasual,862815795239415808
944,41,nonprofits,862815795239415808
945,42,ux,862810252399562752
946,43,Spellbound,862782225992962048
947,44,startup,862743052452077572
948,45,startup,862743052452077572
949,46,TransformationPond,862739283299500032
950,47,TransformationPond,862738253463597059
951,48,MothersDay2017,862737308356837376
952,49,FinTechStartups,862721070427713536
953,50,Innovation,862716180850552832
954,51,ATLtech,862708926135009280
955,52,philanthropy,862708926135009280
956,53,Connected,862703348474142720
957,54,bittersweet,862702931933573121
958,55,ChasingGreatness,862702931933573121
959,56,womenintech,862702931933573121
960,57,TechGivesBack,862702543205523457
961,58,startup,862697564415688711
962,59,hiring,862697564415688711
963,60,hunting,862697564415688711
964,61,dctech,862697564415688711
965,62,JobSeekersWednesday,862697564415688711
966,63,UX,862691276579274753
967,64,DEVELOPERS,862691276579274753
968,0,UXdesign,863839601143812099
969,1,demandgeneration,863838584809369602
970,2,UXdesign,863837864760664065
971,3,UXdesign,863837829364711425
972,4,UXdesign,863821252796051456
973,5,UXdesign,863818211413938177
974,6,UXdesign,863807681290805253
975,7,UXdesign,863800079282556932
976,8,UXdesign,863774193279750144
977,9,UXdesign,863773909212160000
978,10,UXdesign,863773907844780037
979,11,UXdesign,863771391346212864
980,0,CulturalDiversity,864430981943619584
981,1,JavaScript,864411819888095232
982,2,UserCentredDesign,864354476622176256
983,3,UX,864321005023502336
984,4,leaders,864305654265020417
985,5,Experimentation,864305654265020417
986,6,Developers,864242740837494784
987,7,DataScientists,864242740837494784
988,8,UXdesigners,864242740837494784
989,9,HealthTech,864238971961786368
990,10,Denver,864238971961786368
991,11,resource,864229151539998720
992,12,data,864229151539998720
993,13,GoGreen,864223879845126144
994,14,BiketoWorkWeek,864181843205214208
995,15,prodmgmt,864170046565883905
996,16,Developers,864150612233121792
997,17,DataScientists,864150612233121792
998,18,UXdesigners,864150612233121792
999,0,UXdesign,864682137194291201
1000,1,lifeatGA,864664014965559297
1001,2,SlaySale,864625900104671232
1002,3,careercamp,864624394416644104
1003,4,SheStarts,864611011977818114
1004,5,Startup,864611011977818114
1005,6,HealthTech,864563603671719936
1006,7,innovation,864563603671719936
1007,8,Denver,864563603671719936
1008,9,BiketoWorkWeek,864544226125635584
1009,10,Data,864537308456005632
1010,11,dctech,864537308456005632
1011,12,HealthTech,864532661104238592
1012,13,innovation,864532661104238592
1013,14,agile,864526862608867328
1014,15,Design,864520318634696704
1015,16,Career,864520318634696704
1016,17,reddit,864482075339927552
1017,18,entrepreneurs,864481700012728320
1018,19,Singapore,864481679997509632
1019,20,forgottotiptoe,864481634417991680
1020,21,reddit,864481506718138370
1021,22,PetWidgetRepresent,864481506718138370
1022,23,startupgrind,864481506718138370
1023,24,chitech,864474016173572100
1024,25,talent,864474016173572100
1025,0,VR,865470831652220928
1026,1,AR,865470831652220928
1027,2,Feedback,865372795273924608
1028,3,fakenews,865352022110982147
1029,4,userresearch,865351987562467328
1030,5,iteration,865351987562467328
1031,6,UXDI8,865351987562467328
1032,7,data,865351815570894848
1033,8,webdevelopment,865351815570894848
1034,9,ux,865351815570894848
1035,10,lifeatga,865351667461632001
1036,11,ux,865351667461632001
1037,12,dcft17,865342692955435008
1038,13,startup,865330475732160512
1039,14,smallbiz,865330475732160512
1040,15,goodbeerweek,865330407398531073
1041,16,careercamp,865324032673165316
1042,17,Inclusivity,865320849787805696
1043,18,Design,865320849787805696
1044,19,Credit,865303983874854912
1045,20,tech,865301953261318144
1046,21,healthcare,865301953261318144
1047,22,MadeInSeattleWeek,865298445891911684
1048,23,UXPABOS17,865286089942151168
1049,24,Tech,865284779050098688
1050,25,worklifebalance,865267306531782656
1051,26,GATech,865263458874511360
1052,27,AI,865220565086474241
1053,28,Design,865220565086474241
1054,29,LifeAtGA,865134418939084801
1055,30,LifeAtGA,865131278181453825
1056,31,LifeAtGA,865126182928367616
1057,32,LifeAtGA,865124748853878784
1058,33,InsideTheMindsOfBrilliantDesigners,865124748853878784
1059,34,LifeAtGA,865124318555938816
1060,35,InsideTheMindsOfBrilliantDesigners,865124318555938816
1061,36,LifeAtGa,865122067070373888
1062,37,UCD,865063145039069185
1063,38,MadeInSeattleWeek,865039488946364416
1064,39,career,864951161413128192
1065,40,change,864951161413128192
1066,41,futureofwork,864951161413128192
1067,42,Tech,864929014820909056
1068,43,dctech,864926812689793024
1069,44,dctech,864913734300557316
1070,45,Data,864913734300557316
1071,46,BiketoWorkWeek,864906615337533440
1072,47,mozsprint,864892830694744066
1073,48,opensource,864892830694744066
1074,49,WiSTEM,864892808066367488
1075,50,Multicultural,864892808066367488
1076,51,GAchicago,864892513827651584
1077,52,DesignThinking,864892513827651584
1078,53,chitech,864885226333507584
1079,54,talent,864885226333507584
1080,55,GALDN,864870144228700160
1081,56,Entrepreneurship,864870144228700160
1082,57,workshop,864870144228700160
1083,58,UXDI8,864865221084667904
1084,59,CMObreakfast,864865040977076225
1085,60,agile,864860706356830210
1086,61,chitech,864831620552863744
1087,62,talent,864831620552863744
1088,0,Young,865758729521811456
1089,1,Social,865758729521811456
1090,2,Pioneers,865758729521811456
1091,3,innovation,865727271302176769
1092,4,friends,865727271302176769
1093,5,leaders,865727271302176769
1094,6,tech,865686149251166208
1095,7,toronto,865686149251166208
1096,8,futureofed,865672694888620033
1097,9,Boston,865672694888620033
1098,10,chiefchat,865672694888620033
1099,11,Hiring,865635669472882688
1100,12,drinks,865635669472882688
1101,13,brownies,865635669472882688
1102,14,uxdesign,865635669472882688
1103,15,datascience,865635669472882688
1104,16,hiring,865635669472882688
1105,17,MadeInSeattleWeek,865563949059723265
1106,18,agile,865554891128832000
1107,0,wdcddd,866227819709218816
1108,0,innovate,866483001219100674
1109,1,psychology,866483001219100674
1110,2,neuroscience,866483001219100674
1111,3,Hiring,866428395529175041
1112,4,drinks,866428395529175041
1113,5,brownies,866428395529175041
1114,6,uxdesign,866428395529175041
1115,7,datascience,866428395529175041
1116,8,hiring,866428395529175041
1117,9,agile,866370762256654336
1118,0,LifeAtGA,866943095270658048
1119,1,gettytalks,866943095270658048
1120,2,LifeAtGA,866936742938529792
1121,3,LifeAtGA,866935233081262080
1122,4,LifeAtGA,866934627927113729
1123,5,LifeAtGA,866932366647844864
1124,6,pmtalk,866825774552281088
1125,7,100pm,866825774552281088
1126,8,WomeninTech,866791502068011009
1127,9,fakenews,866779185951518720
1128,10,FREE,866779141831622657
1129,11,EVENT,866779141831622657
1130,12,dctech,866778777099096064
1131,13,success,866771653862215680
1132,14,dctech,866746601682894848
1133,15,learntocode,866746601682894848
1134,16,agile,866725167418019842
1135,17,waterfall,866725167418019842
1136,18,dctech,866725167418019842
1137,19,chatbots,866712869508861954
1138,20,demandgeneration,866707739614957568
1139,21,Credit,866682567692386304
1140,22,Creative,866658352478269441
1141,23,Design,866658352478269441
1142,0,lifeatGA,867676411292667906
1143,1,LifeAtGA,867673530732691457
1144,2,LifeAtGA,867668561854046212
1145,3,LifeAtGA,867665387365609472
1146,4,LifeAtGA,867661369834749956
1147,5,generalpermanent,867619595175067648
1148,6,semiassembly,867619595175067648
1149,7,ProfessionalDevelopment,867611534163410945
1150,8,Media,867468747061157888
1151,9,Technology,867468747061157888
1152,10,education,867464721284386816
1153,11,UX,867464721284386816
1154,12,design,867464721284386816
1155,13,dctech,867461426541187072
1156,14,MDW,867461426541187072
1157,15,FirstFridays,867461426541187072
1158,16,happyhour,867461426541187072
1159,17,Hiring,867447620045860877
1160,18,drinks,867447620045860877
1161,19,brownies,867447620045860877
1162,20,uxdesign,867447620045860877
1163,21,datascience,867447620045860877
1164,22,hiring,867447620045860877
1165,23,digitalnomad,867438520763379721
1166,24,InspireDenver,867407847260250112
1167,25,ux,867401330415079425
1168,26,agile,867398538996482050
1169,27,Chicago,867178606300200961
1170,28,startup,867177816240082949
1171,29,inspired,867177816240082949
1172,30,careeradvice,867169841421197313
1173,31,startup,867168368180244480
1174,32,startup,867165494838743041
1175,33,careeradvice,867164996408672257
1176,34,startup,867164996408672257
1177,35,tech,867164996408672257
1178,36,chicago,867164996408672257
1179,37,chicagotech,867162353556738049
1180,38,startup,867162353556738049
1181,39,chicago,867158823299100672
1182,40,startup,867158823299100672
1183,41,goodbadandugly,867141341612060672
1184,42,dctech,867127882522533888
1185,43,dcstem,867127882522533888
1186,44,WomeninTech,867127882522533888
1187,45,VentureCapital,867127882522533888
1188,46,Engineering,867127882522533888
1189,47,Entrepreneurship,867127882522533888
1190,48,InspireDenver,867090756493688832
1191,49,dctech,867064960429559808
1192,50,projectmanagement,867064960429559808
1193,51,productmanagement,867064960429559808
1194,52,ATLThinks,867057949788786688
1195,53,ATL,867057949788786688
1196,54,PM,867051298222485504
1197,55,ProductManagement,867051298222485504
1198,56,ProjectManagement,867051298222485504
1199,57,scrum,867050912317091840
1200,58,uxdesign,867050912317091840
1201,59,sprint,867050912317091840
1202,60,postits,867050912317091840
1203,61,agile,867035391563513856
1204,62,LifeAtGA,867031744058413057
1205,63,D4G,867028638646112257
1206,0,UX,868050595223150592
1207,1,UX,868008054134067204
1208,2,UX,867998012789985281
1209,3,UX,867995977164238848
1210,4,UX,867944401036873728
1211,5,UX,867942124934791168
1212,6,Friyay,867886163427639296
1213,7,LifeAtGA,867886163427639296
1214,8,lifeatga,867854754751401984
1215,9,gaatl,867854754751401984
1216,10,Career,867829122898309121
1217,11,Grads,867829122898309121
1218,12,JobSearch,867829122898309121
1219,13,Denver,867819180363587584
1220,14,causemarketing,867789864602746882
1221,15,WomeninTech,867764841636876288
1222,16,Engineering,867764841636876288
1223,17,startups,867764841636876288
1224,18,vc,867764841636876288
1225,19,DC,867759561641525248
1226,20,freelancelife,867759561641525248
1227,21,Uxdi8,867734839973351424
1228,0,Hiring,868602722672685058
1229,1,drinks,868602722672685058
1230,2,brownies,868602722672685058
1231,3,uxdesign,868602722672685058
1232,4,datascience,868602722672685058
1233,5,hiring,868602722672685058
1234,6,MadeInAustin,868248570750808064
1235,7,UX,868207876116033537
1236,8,UX,868188283712544768
1237,9,UX,868186500239937538
1238,10,UX,868186483987009536
1239,11,Hiring,868172391838609408
1240,12,drinks,868172391838609408
1241,13,brownies,868172391838609408
1242,14,uxdesign,868172391838609408
1243,15,datascience,868172391838609408
1244,16,hiring,868172391838609408
1245,17,UX,868169896164823044
1246,18,UX,868166875078905858
1247,19,UX,868156285275033601
1248,20,MDW2017,868133990787678208
1249,21,Denver,868133579242471429
1250,22,LifeatGA,868127092302630916
1251,23,UX,868122827471323136
1252,24,UX,868122572352876544
1253,25,UX,868122562622099457
1254,26,UX,868120094920101888
1255,27,goodbadandugly,868092862943997954
1256,0,data,869819486538530817
1257,1,business,869819486538530817
1258,2,self,869740213886631936
1259,3,computers,869740213886631936
1260,4,Machines,869740213886631936
1261,5,Business,869678558657912833
1262,6,Sustainability,869678558657912833
1263,7,Industry,869678558657912833
1264,8,Coffee,869678558657912833
1265,9,dctech,869676231091929088
1266,10,art,869665117180370944
1267,11,design,869665117180370944
1268,12,OC,869665117180370944
1269,13,android,869655660178403332
1270,14,femalefounders,869632378704154625
1271,15,parentalleave,869624273165590528
1272,16,women,869624273165590528
1273,17,leadership,869624273165590528
1274,18,FemaleFounders,869618443431137280
1275,19,FemaleFounders,869617224381857792
1276,20,Tech,869608093826531328
1277,21,AustinDesignWeek17,869599570212249600
1278,22,TalkDataToMe,869576932589019136
1279,23,webdevelopment,869564773502996481
1280,24,marketer,869455587997700096
1281,25,HTML,869455587997700096
1282,26,Marketers,869455587997700096
1283,27,Python,869379589843320833
1284,28,DataScience,869379589843320833
1285,29,ecosystem,869379589843320833
1286,30,brand,869317679617761280
1287,31,strategy,869317679617761280
1288,32,Hiring,869304852152823815
1289,33,drinks,869304852152823815
1290,34,brownies,869304852152823815
1291,35,uxdesign,869304852152823815
1292,36,datascience,869304852152823815
1293,37,hiring,869304852152823815
1294,38,MeetYourMakers,869259430138961921
1295,39,media,869242685265133568
1296,40,lifeatga,868966528242155524
1297,41,workshop,868954538308509697
1298,0,Coffee,870198195070017536
1299,1,Melb,870198195070017536
1300,2,Girl,870185648056971264
1301,3,girlswhocode,870185648056971264
1302,4,girlsinstem,870185648056971264
1303,5,Collingwood,870177242181124096
1304,6,generalassembly,870079610519642112
1305,7,WebDev,870051144831303680
1306,8,Atlanta,870051144831303680
1307,9,MEAN,870051144831303680
1308,10,Coffee,870047238671695873
1309,11,Melbourne,870047238671695873
1310,12,Business,870047238671695873
1311,13,Sustainability,870047238671695873
1312,14,Industry,870047238671695873
1313,15,PM,870040443299475456
1314,16,ProductManagement,870040443299475456
1315,17,ProjectManagement,870040443299475456
1316,18,madeinaustin,870026209236631552
1317,19,Hiring,870006971365113857
1318,20,drinks,870006971365113857
1319,21,brownies,870006971365113857
1320,22,uxdesign,870006971365113857
1321,23,datascience,870006971365113857
1322,24,hiring,870006971365113857
1323,25,MadeInSeattleWeek,869987725524426752
1324,26,WomeninTech,869987451896340481
1325,27,dctech,869971025940824064
1326,28,womenintech,869971025940824064
1327,29,tech,869971025940824064
1328,30,madeinaustin,869969657687531520
1329,31,Illustration,869946322329141248
1330,32,Media,869938018471358464
1331,33,Technology,869938018471358464
1332,0,footscray,870480465911627776
1333,1,community,870480465911627776
1334,2,LifeatGA,870469127386808320
1335,3,madeinaustin,870420539768057856
1336,4,digital,870399570362064897
1337,5,marketer,870399570362064897
1338,6,Tech,870393018741862400
1339,7,VR,870388071740592128
1340,8,Design,870388071740592128
1341,9,UI,870388071740592128
1342,10,Business,870387982783479808
1343,11,entrepreneurs,870387982783479808
1344,12,dctech,870387982783479808
1345,13,Improv,870367850984329216
1346,14,Baltimore,870351620109987840
1347,15,dctech,870351620109987840
1348,16,Data,870347466310287360
1349,17,Denver,870347466310287360
1350,18,WIT,870336887252242432
1351,19,STEM,870336887252242432
1352,20,uxdi8,870336834248769536
1353,21,uxdesign,870336834248769536
1354,22,Denver,870316114613383168
1355,23,tech,870316092496920576
1356,24,media,870316092496920576
1357,25,advertising,870316092496920576
1358,26,adtech,870316057637961728
1359,27,MadeInSeattleWeek,870284802376687616
1360,28,entrepreneurs,870283292960071680
1361,29,TechTO,870263094676770816
1362,0,ProtoHackTO,870829982381211649
1363,1,coding,870809272061276160
1364,2,AMERICAISHIRING,870809178201182208
1365,3,ux,870809023494332418
1366,4,ArtificialIntelligence,870758673965907968
1367,5,AI,870758673965907968
1368,6,Chatbots,870754768712384512
1369,7,MadeInSeattleWeek,870740557647167489
1370,8,Hiring,870709101885505536
1371,9,drinks,870709101885505536
1372,10,brownies,870709101885505536
1373,11,uxdesign,870709101885505536
1374,12,datascience,870709101885505536
1375,13,hiring,870709101885505536
1376,14,MadeInSeattleWeek,870658011173339136
1377,15,DC,870647444270350337
1378,16,WomeninTech,870647444270350337
1379,17,NationalDonutDay,870634148431630336
1380,18,womenintech,870634148431630336
1381,0,GoogleAssistant,871539838985654272
1382,1,footscray,871495056028385280
1383,2,outdoororiginators,871489234732949504
1384,3,ATX,871445629985210368
1385,4,MadeinAustin,871445629985210368
1386,5,Entrepreneurs,871419529842245632
1387,6,podcast,871419529842245632
1388,7,dctech,871419529842245632
1389,8,MadeInSeattleWeek,871412734700781569
1390,9,Hiring,871373478594609152
1391,10,drinks,871373478594609152
1392,11,brownies,871373478594609152
1393,12,uxdesign,871373478594609152
1394,13,datascience,871373478594609152
1395,14,hiring,871373478594609152
1396,15,big,871185991775784961
1397,16,data,871185991775784961
1398,17,music,871185991775784961
1399,18,dctech,871067711018684417
1400,19,podcast,871067711018684417
1401,20,CanadaLearningCode,871052800888844288
1402,21,PM,871037260187095041
1403,22,ProductManagement,871037260187095041
1404,23,ProjectManagement,871037260187095041
1405,0,DC,872072334299078657
1406,1,WomeninTech,872072334299078657
1407,2,GAsyd,872016447211491328
1408,3,tdktuesdays,872016447211491328
1409,4,VividSydney,872016447211491328
1410,5,GAsyd,872015881328578560
1411,6,tdktuesdays,872015881328578560
1412,7,VividSydney,872015881328578560
1413,8,GAsyd,872014887647461376
1414,9,tdktuesdays,872014887647461376
1415,10,VividSydney,872014887647461376
1416,11,GAsyd,872014147831070720
1417,12,tdktuesdays,872014147831070720
1418,13,VividSydney,872014147831070720
1419,14,GAsyd,872013605922893824
1420,15,tdktuesdays,872013605922893824
1421,16,VividSydney,872013605922893824
1422,17,GAsyd,872013408920633344
1423,18,tdktuesdays,872013408920633344
1424,19,VividSydney,872013408920633344
1425,20,GAsyd,872013270839906304
1426,21,tdktuesdays,872013270839906304
1427,22,VividSydney,872013270839906304
1428,23,GAsyd,872012012326232064
1429,24,tdktuesdays,872012012326232064
1430,25,VividSydney,872012012326232064
1431,26,Live,872011983884660736
1432,27,music,872011983884660736
1433,28,data,872011983884660736
1434,29,talkdatatome,872011983884660736
1435,30,GAsyd,872011700219850756
1436,31,tdktuesdays,872011700219850756
1437,32,VividSydney,872011700219850756
1438,33,GAsyd,872011273780813824
1439,34,tdktuesdays,872011273780813824
1440,35,VividSydney,872011273780813824
1441,36,GAsyd,872010383619481600
1442,37,tdktuesdays,872010383619481600
1443,38,VividSydney,872010383619481600
1444,39,GAsyd,872009695522848769
1445,40,tdktuesdays,872009695522848769
1446,41,VividSydney,872009695522848769
1447,42,GAsyd,872007702960013313
1448,43,tdktuesdays,872007702960013313
1449,44,VividSydney,872007702960013313
1450,45,GAsyd,872007456402145280
1451,46,tdktuesdays,872007456402145280
1452,47,VividSydney,872007456402145280
1453,48,GAsyd,872006532250169344
1454,49,tdktuesdays,872006532250169344
1455,50,VividSydney,872006532250169344
1456,51,GAsyd,872005479966355456
1457,52,tdktuesdays,872005479966355456
1458,53,VividSydney,872005479966355456
1459,54,MadeinSeattle,871990886632009728
1460,55,VR,871990886632009728
1461,56,HelloYellow,871990886632009728
1462,57,VR,871990600974729216
1463,58,accessibility,871990600974729216
1464,59,MadeInSeattleWeek,871990600974729216
1465,60,VR,871990504660979713
1466,61,MadeinSeattleWeek,871990461942030337
1467,62,madeinseattle,871990406484959232
1468,63,outdoororiginators,871887669973983232
1469,64,madeinaustin,871887669973983232
1470,65,lifeatga,871887669973983232
1471,66,conservation,871883059804721152
1472,67,madeinaustin,871883059804721152
1473,68,outdoororiginators,871881457928736768
1474,69,madeinaustin,871881457928736768
1475,70,rstats,871840206609149952
1476,71,Career,871822748917551104
1477,72,madeinaustin,871812910347161601
1478,73,Hiring,871788723859599362
1479,74,drinks,871788723859599362
1480,75,brownies,871788723859599362
1481,76,uxdesign,871788723859599362
1482,77,datascience,871788723859599362
1483,78,hiring,871788723859599362
1484,79,dctech,871768580534149120
1485,80,podcast,871768580534149120
1486,81,dctech,871768580534149120
1487,82,VR,871762290860675072
1488,83,MadeInSeattleWeek,871762290860675072
1489,84,chicagotech,871724791400718336
1490,85,chicagosummer,871724791400718336
1491,86,Levo,871723474502463488
1492,87,TalkDataToMe,871721742007504896
1493,0,MastersOfScale,872399244191301632
1494,1,LifeAtGA,872388247707463680
1495,2,LifeAtGA,872385256523010048
1496,3,LifeAtGA,872384110190362628
1497,4,MastersOfScale,872346662542483457
1498,5,MastersOfScale,872306630964195334
1499,6,seattle,872295247400718336
1500,7,MadeInSeattleWeek,872295247400718336
1501,8,MastersOfScale,872293034209234944
1502,9,footscray,872290580172124161
1503,10,MadeInSeattleWeek,872284720603709440
1504,11,MastersOfScale,872277431570378752
1505,12,MadeInSeattleWeek,872269349188390912
1506,13,MadeInSeattleWeek,872268672580034561
1507,14,MadeInSeattleWeek,872268225836326912
1508,15,learnedatga,872252679254409216
1509,16,madeinaustin,872252679254409216
1510,17,disruptiveartanddesign,872252679254409216
1511,18,madeinaustin,872251623619387392
1512,19,MadeInSeattleWeek,872247941892722689
1513,20,FitzVu,872242578271473664
1514,21,dogsofinsta,872242578271473664
1515,22,puppy,872242578271473664
1516,23,instadog,872242578271473664
1517,24,puppyoftheday,872242578271473664
1518,25,MastersOfScale,872233392707915777
1519,26,MadeInSeattleWeek,872214076377530368
1520,27,VR,872214076377530368
1521,28,FUN4,872211751529582592
1522,29,ShareTheFailure,872211751529582592
1523,30,WomenInTech,872200977935462402
1524,31,WITDemoDay,872200977935462402
1525,32,Hiring,872196398745243648
1526,33,drinks,872196398745243648
1527,34,brownies,872196398745243648
1528,35,uxdesign,872196398745243648
1529,36,datascience,872196398745243648
1530,37,hiring,872196398745243648
1531,38,MadeInSeattleWeek,872190923718803456
1532,39,Career,872190106676846592
1533,40,automation,872175922643951616
1534,41,dctech,872175922643951616
1535,42,MadeInSeattleWeek,872147074220937221
1536,43,dctech,872144190129545222
1537,44,improvworkshop,872135784979103744
1538,45,creativejuices,872135784979103744
1539,46,startuplife,872135721888481281
1540,47,SAVETHEDATE,872133987572957186
1541,48,ptech,872112395249786880
1542,49,Career,872105819915124737
1543,50,Tech,872105819915124737
1544,0,futureofwork,873081817741443072
1545,1,UX,873000447744892928
1546,2,WebDev,873000447744892928
1547,3,hiphop,872977380075343876
1548,4,madeinaustin,872977380075343876
1549,5,musicmakers,872977380075343876
1550,6,musicmakers,872968163314421761
1551,7,madeinaustin,872968163314421761
1552,8,squarespace,872943827601866752
1553,9,Veterans,872936282028204033
1554,10,Entrepreneurs,872936282028204033
1555,11,MadeinSeattle,872894645704863744
1556,12,FUN4,872887954670100480
1557,13,ShareTheFailure,872887954670100480
1558,14,MadeInSeattleWeek,872877637722529793
1559,15,Career,872847690542891011
1560,16,DigitalMedia,872817574014328833
1561,17,VR,872817574014328833
1562,18,tech,872809466969952257
1563,19,entrepreneurs,872804435667308544
1564,20,WadeInstitute,872743948116082688
1565,21,moversandshakers,872741322423017472
1566,22,wadeinstitute,872740307892228096
1567,23,fya,872740307892228096
1568,24,lifeatga,872740307892228096
1569,25,wadeinstitute,872739247907786752
1570,26,lifeatga,872739247907786752
1571,27,smith,872739247907786752
1572,28,startup,872737166228545536
1573,29,wadeevents,872736872052563970
1574,30,lifeatga,872736872052563970
1575,31,lifeatga,872736006453186560
1576,32,Wadeinstitute,872736006453186560
1577,33,innovation,872736006453186560
1578,34,lifeatga,872735850316013569
1579,35,wadeevents,872735850316013569
1580,36,lifeatga,872735215340236800
1581,37,PCampBoston,872661926924431360
1582,38,ampmdc,872624155694444546
1583,39,influence,872612108386668545
1584,40,businessofbrewing,872610427263471617
1585,41,itshotbeerwasagoodchoice,872610427263471617
1586,42,madeinaustin,872610427263471617
1587,43,AMPMDC,872604834469486595
1588,44,Career,872582694915407872
1589,45,hackathon,872577660072873984
1590,46,Product,872554758954819585
1591,47,Design,872554758954819585
1592,48,MastersOfScale,872536898744590336
1593,49,MastersOfScale,872535132749615107
1594,50,MastersOfScale,872535128924454912
1595,51,VR,872530172481818624
1596,52,brand,872530083440979968
1597,53,digitalmarketing,872518948687929345
1598,54,MastersOfScale,872518527483355137
1599,55,MastersOfScale,872515515952005120
1600,56,MastersOfScale,872504986940452865
1601,57,MastersOfScale,872497390430957568
1602,58,MadeInSeattleWeek,872494612878729217
1603,59,goodbadandugly,872471966820814853
1604,60,MastersOfScale,872471497796878340
1605,61,MastersOfScale,872471270952235008
1606,62,MastersOfScale,872471209509662721
1607,63,MastersOfScale,872468728067371009
1608,64,Hiring,872453100929507329
1609,65,drinks,872453100929507329
1610,66,brownies,872453100929507329
1611,67,uxdesign,872453100929507329
1612,68,datascience,872453100929507329
1613,69,hiring,872453100929507329
1614,0,Startup,874088365708247040
1615,1,Podcast,874088365708247040
1616,2,Live,874088365708247040
1617,3,WebDev,874036271009587201
1618,4,UX,874036271009587201
1619,5,footscray,874024196325748736
1620,6,westside,874024196325748736
1621,7,dctech,873581525366964224
1622,8,protohack,873550793370202113
1623,9,protohack,873545549273804805
1624,10,Toronto,873545549273804805
1625,11,Career,873543777708896256
1626,12,hackathon,873366860934168576
1627,13,footscray,873326344922431490
1628,14,Conversation,873294885641527296
1629,15,Career,873292624203063297
1630,16,Designers,873277019555065858
1631,17,Innovation,873263429645160449
1632,18,Design,873263429645160449
1633,19,ATX,873263429645160449
1634,20,inspiration,873191375642218498
1635,21,dctech,873191375642218498
1636,0,fuckupnights,874896303003709441
1637,1,technology,874892412807557120
1638,2,leadership,874885732837597186
1639,3,buildingchicago,874773977092296705
1640,4,buildingchicago,874772994240983040
1641,5,CSS,874740664591941633
1642,6,webdesign,874740664591941633
1643,7,devroadshow,874740664591941633
1644,8,IoT,874720144047697923
1645,9,tech,874720144047697923
1646,10,startup,874720144047697923
1647,11,webdev,874650069084983296
1648,12,dairy,874626690416349185
1649,13,juice,874626690416349185
1650,14,LifeAtGA,874563138670043137
1651,15,LifeAtGA,874562536615550976
1652,16,LifeAtGA,874548335943720960
1653,17,CreativeCoding,874548335943720960
1654,18,LifeAtGA,874548114551590912
1655,19,LifeAtGA,874546688182046720
1656,20,LifeAtGA,874544812912852992
1657,21,9fest,874543912840339456
1658,22,LifeAtGA,874543872843501569
1659,23,Software,874460063959621632
1660,24,technology,874460063959621632
1661,25,MAP,874453021454979072
1662,26,Master,874453021454979072
1663,27,Marketing,874453021454979072
1664,28,B2B,874453021454979072
1665,29,Startups,874453021454979072
1666,30,dctech,874397149449957376
1667,31,entrepreneurs,874397149449957376
1668,32,anyonewhowantstodobetter,874397149449957376
1669,33,Interviews,874367709122891776
1670,34,Tech,874367709122891776
1671,35,webdev,874315611974770690
1672,36,socialenterprise,874300187933540352
1673,0,chatbot,875329906955235328
1674,1,socialmedia,875329069558243328
1675,2,NPS,875286018148007936
1676,3,product,875286018148007936
1677,4,innovation,875286018148007936
1678,5,commercialisation,875286018148007936
1679,6,ThankYou,875286018148007936
1680,7,lifeatga,875186324009082880
1681,8,VR,875178554656509957
1682,9,tech,875138832009703424
1683,10,career,875138832009703424
1684,11,EncounterCamp2017,875117650321473536
1685,12,socialmedia,875116526558380033
1686,13,Referrals,875115473540706305
1687,14,ThanksForBeingGreat,875115473540706305
1688,15,dctech,875106579498061825
1689,16,productdesign,875106579498061825
1690,17,ux,875106579498061825
1691,18,uxdesign,875106579498061825
1692,19,biketech,875075446030946304
1693,20,bikenerdtech,875075396345241602
1694,21,meetup,875075396345241602
1695,22,Atlanta,875075149246201857
1696,23,InternetTrends,875051712100220928
1697,24,Code,875051712100220928
1698,25,negotiation,875050459257606144
1699,26,dctech,875050459257606144
1700,27,Designers,875012961059909633
1701,0,ATLeaders,875545034472513536
1702,1,data,875537165551357952
1703,2,Meetup,875537165551357952
1704,3,ministryofsupply,875495176277553152
1705,4,goodbadandugly,875491865600163841
1706,5,Typography,875471960024653824
1707,6,talks,875459399518638080
1708,7,software,875459399518638080
1709,8,Denver,875447592175362048
1710,9,TheSquareOn21st,875447592175362048
1711,10,WeRiseTech,875435362658766849
1712,11,vr,875433851912417280
1713,12,devroadshow,875420149133836288
1714,13,EdTech,875407562027479041
1715,14,Tech,875391453454884865
1716,15,Coding,875382405418295296
1717,0,MastersofScale,876362352496660480
1718,1,MastersofScale,876342972387917831
1719,2,MastersofScale,876332906016329728
1720,3,MastersofScale,876330892851105794
1721,4,HTML,876295910103302144
1722,5,CSS,876295910103302144
1723,6,MastersofScale,876277051711422464
1724,7,Culture,876202548876783616
1725,8,Excellence,876202548876783616
1726,9,MAP,876202548876783616
1727,10,success,876202548876783616
1728,11,startup,876202548876783616
1729,12,dctech,876127807079841793
1730,13,ux,876127807079841793
1731,14,transportation,876117485497364480
1732,15,devroadshow,876110187496480768
1733,16,Technological,875777244089663488
1734,17,Innovation,875748555658452992
1735,0,uxdesign,877097308529115136
1736,1,Startup,877063217469464577
1737,2,Podcast,877063217469464577
1738,3,Live,877063217469464577
1739,4,MAP,876995268704587776
1740,5,Masterclass,876995268704587776
1741,6,Marketing,876995268704587776
1742,7,Startups,876995268704587776
1743,8,dctech,876929586033971200
1744,9,ux,876929586033971200
1745,10,HTML,876926316280389633
1746,11,CSS,876926316280389633
1747,12,LeadingLadies,876926315491844097
1748,13,fuckupnightsmelb,876923646803038209
1749,14,9fest,876923646803038209
1750,15,devroadshow,876907948685099008
1751,16,CSS,876907948685099008
1752,17,Prototyping,876894102746353664
1753,18,devroadshow,876869703267962882
1754,19,IoT,876836222475173888
1755,20,tech,876836222475173888
1756,21,startup,876836222475173888
1757,22,startup,876810910408601600
1758,23,MastersofScale,876640936259989504
1759,24,Meetup,876634144876486656
1760,25,VR,876634144876486656
1761,26,Startup,876625081232801792
1762,27,Podcast,876625081232801792
1763,28,Live,876625081232801792
1764,29,MastersofScale,876594379003228161
1765,30,MastersofScale,876587581328281600
1766,31,coding,876568959780143104
1767,32,data,876568959780143104
1768,33,GAMelb,876568959780143104
1769,34,Python,876568959780143104
1770,35,Programming,876568959780143104
1771,36,meetup,876563926221111297
1772,37,MastersofScale,876557384151433220
1773,38,MastersofScale,876546079608668162
1774,39,MastersofScale,876542787092717572
1775,40,MastersofScale,876541530835734533
1776,41,MastersofScale,876533225497272320
1777,42,MastersofScale,876516627914862592
1778,43,art,876506301022572545
1779,44,design,876506301022572545
1780,45,productdesign,876506301022572545
1781,46,MastersofScale,876489710788628480
1782,47,MastersofScale,876485416316272640
1783,48,MastersofScale,876436086565810177
1784,0,fuckupnightsmelb,877421032302288897
1785,1,Culture,877349857224081409
1786,2,Excellence,877349857224081409
1787,3,MAP,877349857224081409
1788,4,UserExperience,877327137417461760
1789,5,Design,877327137417461760
1790,6,Mozilla,877317022299938817
1791,7,DevRoadshow,877317022299938817
1792,8,TechTransportATX,877316420585050117
1793,9,WeRiseTech,877315338286899201
1794,10,PR,877315308515667969
1795,11,prpro,877315308515667969
1796,12,careerinpr,877315308515667969
1797,13,atlanta,877315308515667969
1798,14,atlpr,877315308515667969
1799,15,CustomerSuccess,877304150022922240
1800,16,Logo,877295247574827008
1801,17,Trends,877295247574827008
1802,18,fuckupnightsmelb,877294849883381760
1803,19,footscray,877294849883381760
1804,20,9fest,877294849883381760
1805,21,innovation,877294485583126529
1806,22,transportation,877294448895569921
1807,23,events,877292487546744834
1808,24,women,877292487546744834
1809,25,entrepreneurship,877292487546744834
1810,26,dctech,877266960584773633
1811,27,BOSSOI,877239635717480448
1812,28,startup,877238920882335744
1813,29,dctech,877238920882335744
1814,30,outformarriage,877219870160584707
1815,31,transportation,877213959811588096
1816,32,dctech,877202133388451840
1817,33,design,877202133388451840
1818,34,ux,877202133388451840
1819,35,productmanagement,877202133388451840
1820,36,lifeatGA,877200669924618241
1821,37,pitching,877200669924618241
1822,38,designer,877195437148696577
1823,39,startuplife,877194964500963328
1824,40,BOSSOI,877188896215400448
1825,41,WorldRefugeeDay,877166337344319488
1826,42,StandWithRefugees,877166337344319488
1827,0,innovativeleaders,877812011756699648
1828,1,footscray,877810578491822080
1829,2,innovation,877810103688208384
1830,3,leadership,877810103688208384
1831,4,lifeatga,877810103688208384
1832,5,lifeatga,877809194476249088
1833,6,GAsyd,877809194476249088
1834,7,innovation,877809194476249088
1835,8,AI,877809194476249088
1836,9,lifeatga,877807791435534337
1837,10,GAsyd,877807791435534337
1838,11,innovation,877807791435534337
1839,12,LeadingLadies,877711489171415041
1840,13,technology,877685073658748929
1841,14,Transportation,877685073658748929
1842,15,fuckupnightsmelb,877658303106502656
1843,16,transportation,877641874810580992
1844,17,career,877639772277284865
1845,18,HCD,877611534309933056
1846,19,Hackathon,877611534309933056
1847,20,Hamilton,877611298204168192
1848,21,TechTransportATX,877581981025918976
1849,22,uxdi,877566877995761664
1850,23,uxdesign,877566877995761664
1851,24,Transportation,877561752833056769
1852,25,BOSSOI,877534073094193153
1853,26,bringabuddy,877531786728935425
1854,0,Business,878081929555329024
1855,1,networking,878031929030975488
1856,2,grind,878031929030975488
1857,3,fuckupnightmelb,878016919240007680
1858,4,smallbusiness,878013482360111104
1859,5,startups,878007604659855360
1860,6,MCShowcase17,878007604659855360
1861,7,TalkDataToMe,877968683003293696
1862,8,MachineLearning,877968683003293696
1863,9,Design,877968683003293696
1864,10,iottech,877959913619636224
1865,11,iot,877951689373896705
1866,12,iot,877946451145437184
1867,13,Designing,877940497183981568
1868,14,algorithm,877940497183981568
1869,15,ProfitsWithPurpose,877925260825415680
1870,16,SocialImpact,877925260825415680
1871,17,DoubleBottomLine,877925260825415680
1872,18,Millennials,877925260825415680
1873,19,differentispossible,877905220759543808
1874,20,AIrevolution,877887495257456640
1875,21,sextech,877881370852315138
1876,0,sextech,878923476316323840
1877,1,Business,878868109607686144
1878,2,entrepreneurship,878634822046019584
1879,3,tech,878634822046019584
1880,4,careercoaching,878634822046019584
1881,5,Pride2017,878598910939459584
1882,6,NYCPride,878598910939459584
1883,7,INWED17,878518875087818752
1884,8,workshop,878464701222588416
1885,9,Innovative,878464701222588416
1886,10,Leadership,878464701222588416
1887,11,Digital,878464701222588416
1888,12,entrepreneurship,878364541997821954
1889,13,development,878364541997821954
1890,14,tech,878364541997821954
1891,15,careercoaching,878364541997821954
1892,16,BigData,878337364162207746
1893,17,Wine,878337364162207746
1894,18,dctech,878325786553589760
1895,19,lifeatGA,878305408359817216
1896,20,mikedang,878305408359817216
1897,21,FutureofMarketing,878290254003707904
1898,22,AMA,878286530552279040
1899,0,sydney,879118607782789120
1900,1,brandyou,879118607782789120
1901,2,AntiBurnout,879118607782789120
1902,3,pd,879118607782789120
1903,4,BanSalaryHistory,879049307873308672
1904,5,FirstFridays,879027912837431296
1905,6,happyhour,879027912837431296
1906,7,dctech,879027912837431296
1907,8,lifeatga,879027912837431296
1908,0,UX,879678201315811328
1909,1,BanSalaryHistory,879623865592414209
1910,2,BanSalaryHistory,879604464222601216
1911,3,business,879597667533312000
1912,4,Innovative,879597667533312000
1913,5,Leadership,879597667533312000
1914,6,Digital,879597667533312000
1915,7,BanSalaryHistory,879594397779808261
1916,8,BanSalaryHistory,879592386372014080
1917,9,dctech,879587603565228036
1918,10,career,879587603565228036
1919,11,BanSalaryHistory,879538529038151680
1920,12,WDI,879456536040542208
1921,13,getshitdone,879454473348825088
1922,14,Spaces,879436102058123264
1923,15,tabs,879436102058123264
1924,16,PR,879417838246785024
1925,17,prpro,879417838246785024
1926,18,careerinpr,879417838246785024
1927,19,atlanta,879417838246785024
1928,20,atlpr,879417838246785024
1929,21,techforgood,879406412039946246
1930,22,Invest,879398864452698113
1931,23,Pride2017,879391307399127046
1932,24,MachineLearning,879390300698927105
1933,25,Algorithm,879390300698927105
1934,26,Design,879390300698927105
1935,27,StartupLife,879380494172946433
1936,28,HR,879366706333966337
1937,29,career,879366676537643008
1938,30,diversity,879366676537643008
1939,31,ux,879362264096178178
1940,32,startups,879327134489092096
1941,33,MCShowcase17,879327134489092096
1942,0,mindfulness,880330998449184768
1943,1,startup,880330998449184768
1944,2,getshitdone,880330998449184768
1945,3,sextech,880314388980396036
1946,4,dctech,880137976428208128
1947,5,socent,880137976428208128
1948,6,techforgood,880127047460429831
1949,7,techforgood,880121415500009472
1950,8,design,879982025582575616
1951,9,multipotentialite,879967856993107968
1952,10,sextech,879949990348632064
1953,11,BanSalaryHistory,879902424894459906
1954,12,tech,879887578039599104
1955,13,technology,879887578039599104
1956,14,Festival,879887578039599104
1957,15,BanSalaryHistory,879855872079519744
1958,16,BanSalaryHistory,879849076413665282
1959,17,MastersOfScale,879844488474230784
1960,18,LeadingLadies,879830150136778752
1961,19,hybridjobs,879830083204112384
1962,20,BanSalaryHistory,879818885456941056
1963,21,Invest,879817364077854721
1964,22,ketchum,879817364077854721
1965,23,gadc,879817364077854721
1966,24,expedia,879817364077854721
1967,25,scottcircle,879817364077854721
1968,26,dctech,879817364077854721
1969,27,BanSalaryHistory,879807549947740162
1970,28,BanSalaryHistory,879804319519961089
1971,29,BanSalaryHistory,879803022578249734
1972,30,BanSalaryHistory,879794762232078336
1973,31,BanSalaryHistory,879778109322543104
1974,32,happyhours,879768799418884096
1975,33,dctech,879768799418884096
1976,34,lifeatga,879768799418884096
1977,35,cooloff,879768799418884096
1978,36,BanSalaryHistory,879751178430689281
1979,37,BanSalaryHistory,879746902748803072
1980,38,IoT,879730445969231873
1981,39,BanSalaryHistory,879697596767506432
